Model,Accuracy,Precision,Recall,F1-Score
LSTM,0.9553539019963703,0.9564531862732506,0.9553539019963703,0.9552089330376563
RNN,0.6083484573502722,0.48380600651313305,0.6083484573502722,0.5282476738516494
